sensor_id,temperature,gas_value,timestamp
sensor1,75.0,0.12,2024-10-01 10:15:00+00:00
sensor1,77.0,0.11,2024-10-02 10:15:00+00:00
sensor1,78.0,0.13,2024-10-03 10:15:00+00:00
sensor2,72.0,0.08,2024-10-01 11:15:00+00:00
sensor2,74.0,0.09,2024-10-02 11:15:00+00:00
sensor2,75.0,0.1,2024-10-03 11:15:00+00:00
sensor3,65.0,0.05,2024-10-01 12:15:00+00:00
sensor3,67.0,0.06,2024-10-02 12:15:00+00:00
sensor3,69.0,0.07,2024-10-03 12:15:00+00:00
sensor2,68.66378215215721,0.08457489229426879,2024-10-03 12:15:00+00:00
sensor3,76.92406433862517,0.07610468075676302,2024-10-03 13:15:00+00:00
sensor1,65.1330064305404,0.10671273727204139,2024-10-03 11:15:00+00:00
sensor3,75.32474930363941,0.08449617566814807,2024-10-03 14:15:00+00:00
sensor3,71.39830006154367,0.09689270086558593,2024-10-03 15:15:00+00:00
sensor3,65.5050363291889,0.05380409125835352,2024-10-03 16:15:00+00:00
sensor3,66.16409253415829,0.08311305151188392,2024-10-03 17:15:00+00:00
sensor3,70.59022088874362,0.10612962890465458,2024-10-03 18:15:00+00:00
sensor2,67.00536018894955,0.05331962835540148,2024-10-03 13:15:00+00:00
sensor3,75.02885030222764,0.07465893944638469,2024-10-03 19:15:00+00:00
sensor1,66.33586149439988,0.07036238070965006,2024-10-03 12:15:00+00:00
sensor1,75.81490370239706,0.09722305871223655,2024-10-03 13:15:00+00:00
sensor3,66.51507379085086,0.07012372078218732,2024-10-03 20:15:00+00:00
sensor3,71.22938714809511,0.12750934676822442,2024-10-03 21:15:00+00:00
sensor1,76.56331939102131,0.09134895225886963,2024-10-03 14:15:00+00:00
sensor1,65.57004164613771,0.10997196856649552,2024-10-03 15:15:00+00:00
sensor3,65.7069803630359,0.053555161235835064,2024-10-03 22:15:00+00:00
sensor3,67.55187594372595,0.09299885630278638,2024-10-03 23:15:00+00:00
sensor3,74.94466361810173,0.09583229074259993,2024-10-04 00:15:00+00:00
sensor1,77.20050856594261,0.07383755614269479,2024-10-03 16:15:00+00:00
sensor3,67.87015176566867,0.05585603499342132,2024-10-04 01:15:00+00:00
sensor3,65.6481067501942,0.07675674087118266,2024-10-04 02:15:00+00:00
sensor2,66.38018088918865,0.09625778184359504,2024-10-03 14:15:00+00:00
sensor1,65.1123322099153,0.0804355194764639,2024-10-03 17:15:00+00:00
sensor3,70.65468581775558,0.06525579281633447,2024-10-04 03:15:00+00:00
sensor3,71.32110346814143,0.10712195010423073,2024-10-04 04:15:00+00:00
sensor3,75.6580101573217,0.12051029603678504,2024-10-04 05:15:00+00:00
sensor1,65.76004133230263,0.09966548259374083,2024-10-03 18:15:00+00:00
sensor2,72.0180817231304,0.12710160480849353,2024-10-03 15:15:00+00:00
sensor3,73.59486938532685,0.08754137004174016,2024-10-04 06:15:00+00:00
sensor1,76.55941923712811,0.06957478906623223,2024-10-03 19:15:00+00:00
sensor3,74.85735593024418,0.10323047583640793,2024-10-04 07:15:00+00:00
sensor2,65.70618755268157,0.11856105397400747,2024-10-03 16:15:00+00:00
sensor2,71.6840030894189,0.06515152472199918,2024-10-03 17:15:00+00:00
sensor2,67.20987423377461,0.10937985184672658,2024-10-03 18:15:00+00:00
sensor2,74.1729444780395,0.10025979455097703,2024-10-03 19:15:00+00:00
sensor1,70.67548791838568,0.11722637504458223,2024-10-03 20:15:00+00:00
sensor3,73.5808813485007,0.07832624528455895,2024-10-04 08:15:00+00:00
sensor2,69.32181348162248,0.11031568464763442,2024-10-03 20:15:00+00:00
sensor1,68.20992338773208,0.12981663856904124,2024-10-03 21:15:00+00:00
sensor1,68.91261814749218,0.10828641461633357,2024-10-03 22:15:00+00:00
sensor2,74.14881265558334,0.06883157090708258,2024-10-03 21:15:00+00:00
sensor1,72.30108285173993,0.08160683132332763,2024-10-03 23:15:00+00:00
sensor3,71.61414045750625,0.05270863194112142,2024-10-04 09:15:00+00:00
sensor2,77.87791972979132,0.08515479291739729,2024-10-03 22:15:00+00:00
sensor2,68.77582662766169,0.11654564555121379,2024-10-03 23:15:00+00:00
sensor3,70.78211248259656,0.056845852655465816,2024-10-04 10:15:00+00:00
sensor3,66.70940744929739,0.08358071058902325,2024-10-04 11:15:00+00:00
sensor3,67.32105379662191,0.09450708373465706,2024-10-04 12:15:00+00:00
sensor1,73.50606485124541,0.07926144420209856,2024-10-04 00:15:00+00:00
sensor3,67.5838752060875,0.08953643893539243,2024-10-04 13:15:00+00:00
sensor1,69.5609647470332,0.12104990733259949,2024-10-04 01:15:00+00:00
sensor3,75.77615585216301,0.10275627321518883,2024-10-04 14:15:00+00:00
sensor1,71.21114388843071,0.09538770448570635,2024-10-04 02:15:00+00:00
sensor3,73.27559867066121,0.058449721917507816,2024-10-04 15:15:00+00:00
sensor3,72.95190414625115,0.08575409053301461,2024-10-04 16:15:00+00:00
sensor3,73.28280903518717,0.0878555369297147,2024-10-04 17:15:00+00:00
sensor3,69.20270486559231,0.11169649566106749,2024-10-04 18:15:00+00:00
sensor2,68.2906844068047,0.11308793042374479,2024-10-04 00:15:00+00:00
sensor3,65.28778228971517,0.11150471743093182,2024-10-04 19:15:00+00:00
sensor2,65.70245013008828,0.05819851568854903,2024-10-04 01:15:00+00:00
sensor3,68.92065887065704,0.10059330584307713,2024-10-04 20:15:00+00:00
sensor2,66.68061602820775,0.11617553147381675,2024-10-04 02:15:00+00:00
sensor2,72.83139950368597,0.11477210053686393,2024-10-04 03:15:00+00:00
sensor3,69.80792353503435,0.12056451084877762,2024-10-04 21:15:00+00:00
sensor2,65.28547740057269,0.08216918644897686,2024-10-04 04:15:00+00:00
sensor3,73.47097513243277,0.12961787985206075,2024-10-04 22:15:00+00:00
sensor1,68.39955910027585,0.07957976848985567,2024-10-04 03:15:00+00:00
sensor3,75.97694666713639,0.08442758991045733,2024-10-04 23:15:00+00:00
sensor2,66.3606653870089,0.08907759971878718,2024-10-04 05:15:00+00:00
sensor2,65.5681795921501,0.0970636846211297,2024-10-04 06:15:00+00:00
sensor2,73.85963724792369,0.06764513234331884,2024-10-04 07:15:00+00:00
sensor3,65.74998850190012,0.1272613264372154,2024-10-05 00:15:00+00:00
sensor3,71.85860110702421,0.12153480248204901,2024-10-05 01:15:00+00:00
sensor2,70.01458104576183,0.11063532253550387,2024-10-04 08:15:00+00:00
sensor1,74.38331383967831,0.12324605005339404,2024-10-04 04:15:00+00:00
sensor2,73.57717939492684,0.10669782764432759,2024-10-04 09:15:00+00:00
sensor1,69.01191786147936,0.08603027673308722,2024-10-04 05:15:00+00:00
sensor3,68.83943631700929,0.10506793630672537,2024-10-05 02:15:00+00:00
sensor2,76.60779432657121,0.09081470993587266,2024-10-04 10:15:00+00:00
sensor2,75.05831972655315,0.11606231889693244,2024-10-04 11:15:00+00:00
sensor2,74.11011478795211,0.10972068366428009,2024-10-04 12:15:00+00:00
sensor1,68.30256238156169,0.08229620881825898,2024-10-04 06:15:00+00:00
sensor3,69.88526130823898,0.10884177919805209,2024-10-05 03:15:00+00:00
sensor2,77.20204892067103,0.12382173229418306,2024-10-04 13:15:00+00:00
sensor1,67.88446691406018,0.07926666887586996,2024-10-04 07:15:00+00:00
sensor1,65.06292746794745,0.06420141733811367,2024-10-04 08:15:00+00:00
sensor2,66.05379700751966,0.06659482928848978,2024-10-04 14:15:00+00:00
sensor1,71.56707133622541,0.0833698494578011,2024-10-04 09:15:00+00:00
sensor1,75.26747893677332,0.11430141507969264,2024-10-04 10:15:00+00:00
sensor3,67.17914340870536,0.08339556421761486,2024-10-05 04:15:00+00:00
sensor1,66.94056484145003,0.12701791435100318,2024-10-04 11:15:00+00:00
sensor2,73.37536367249172,0.12233685844632029,2024-10-04 15:15:00+00:00
sensor3,72.28304263503811,0.12088782512668406,2024-10-05 05:15:00+00:00
sensor2,76.75351187333564,0.11620965160099,2024-10-04 16:15:00+00:00
sensor2,73.08094917756651,0.08292579957635615,2024-10-04 17:15:00+00:00
sensor1,75.86924900578907,0.05415671025940454,2024-10-04 12:15:00+00:00
sensor3,66.64494369585547,0.12301477214382725,2024-10-05 06:15:00+00:00
sensor3,68.39945564578099,0.10347380477423429,2024-10-05 07:15:00+00:00
sensor1,76.35122683556818,0.07300415686957902,2024-10-04 13:15:00+00:00
sensor2,67.17350640924086,0.06583139309121605,2024-10-04 18:15:00+00:00
sensor1,67.2332780812264,0.07648974977909387,2024-10-04 14:15:00+00:00
sensor2,76.1205630596173,0.0979134870788163,2024-10-04 19:15:00+00:00
sensor3,73.2778153203718,0.09181887282751514,2024-10-05 08:15:00+00:00
sensor2,68.96545967504127,0.10821484591472544,2024-10-04 20:15:00+00:00
sensor1,68.99286762008988,0.07281428568777899,2024-10-04 15:15:00+00:00
sensor3,67.13500880556401,0.07073876141241515,2024-10-05 09:15:00+00:00
sensor2,76.80122022828094,0.10801061148215257,2024-10-04 21:15:00+00:00
sensor2,72.8834052572699,0.09411356641084058,2024-10-04 22:15:00+00:00
sensor2,71.20935433443537,0.10507470369790725,2024-10-04 23:15:00+00:00
sensor1,75.39171820102023,0.06613975930971897,2024-10-04 16:15:00+00:00
sensor2,73.02943313912705,0.10277475178746125,2024-10-05 00:15:00+00:00
sensor3,77.36301412521127,0.10242849798903692,2024-10-05 10:15:00+00:00
sensor1,77.51535105984564,0.06629808474861743,2024-10-04 17:15:00+00:00
sensor2,77.73462688927152,0.12418947355370373,2024-10-05 01:15:00+00:00
sensor1,67.5577861918596,0.07266966863656363,2024-10-04 18:15:00+00:00
sensor2,69.27362684773605,0.086870206285478,2024-10-05 02:15:00+00:00
sensor1,72.90759081059774,0.0619172914783011,2024-10-04 19:15:00+00:00
sensor3,75.83731659136981,0.06312235019900492,2024-10-05 11:15:00+00:00
sensor3,69.75440267490221,0.10256995251211204,2024-10-05 12:15:00+00:00
sensor1,68.5319166494151,0.08912474293488767,2024-10-04 20:15:00+00:00
sensor1,70.82371842033128,0.07405305808392203,2024-10-04 21:15:00+00:00
sensor3,69.83603563751437,0.10198870138772945,2024-10-05 13:15:00+00:00
sensor1,75.83422426572552,0.06934893081276253,2024-10-04 22:15:00+00:00
sensor3,71.63839701731472,0.06692606084926019,2024-10-05 14:15:00+00:00
sensor1,67.23656414684687,0.10367045431219131,2024-10-04 23:15:00+00:00
sensor2,65.28891447171537,0.0535308692656408,2024-10-05 03:15:00+00:00
sensor3,69.44108111198928,0.07525002620931753,2024-10-05 15:15:00+00:00
sensor2,75.72043025124104,0.10190079709432887,2024-10-05 04:15:00+00:00
sensor3,69.16190305492066,0.05437754336551485,2024-10-05 16:15:00+00:00
sensor2,74.22700418104947,0.11729518412508838,2024-10-05 05:15:00+00:00
sensor3,69.34439140876773,0.1265098252644761,2024-10-05 17:15:00+00:00
sensor2,76.87292098365299,0.07817146276132668,2024-10-05 06:15:00+00:00
sensor3,67.71534094338772,0.10815969283972918,2024-10-05 18:15:00+00:00
sensor3,73.87977704398568,0.061271817468331186,2024-10-05 19:15:00+00:00
sensor1,66.92830073424673,0.06352053426282163,2024-10-05 00:15:00+00:00
sensor2,72.3915854780044,0.12630763531085593,2024-10-05 07:15:00+00:00
sensor2,76.86666111538071,0.10407860973482104,2024-10-05 08:15:00+00:00
sensor3,71.63124621863743,0.0853586759097511,2024-10-05 20:15:00+00:00
sensor2,72.89290144012189,0.06218573422449247,2024-10-05 09:15:00+00:00
sensor1,69.04132696286528,0.05438902153168645,2024-10-05 01:15:00+00:00
sensor2,75.22256300935916,0.050074058453229625,2024-10-05 10:15:00+00:00
sensor3,75.68060295561172,0.11267645258444953,2024-10-05 21:15:00+00:00
sensor1,76.35558899549015,0.09598592462399771,2024-10-05 02:15:00+00:00
sensor3,77.98115637864585,0.11628668549058957,2024-10-05 22:15:00+00:00
sensor3,71.45847261001289,0.05126414142041217,2024-10-05 23:15:00+00:00
sensor3,73.90144698440795,0.1226337350194103,2024-10-06 00:15:00+00:00
sensor3,69.28997909684314,0.117724812116579,2024-10-06 01:15:00+00:00
sensor1,75.61142347306229,0.06194385714273896,2024-10-05 03:15:00+00:00
sensor3,67.96246726232937,0.08565701066980833,2024-10-06 02:15:00+00:00
sensor3,71.67113005296319,0.08828583386671751,2024-10-06 03:15:00+00:00
sensor2,67.44700552299574,0.12399826620066924,2024-10-05 11:15:00+00:00
sensor2,66.17423917898081,0.06743407866755213,2024-10-05 12:15:00+00:00
sensor1,69.4170744977803,0.12957826798251892,2024-10-05 04:15:00+00:00
sensor1,74.00979682161915,0.06511227031989897,2024-10-05 05:15:00+00:00
sensor1,77.98382405466761,0.11644537517322276,2024-10-05 06:15:00+00:00
sensor2,67.62534050422633,0.09240753378987057,2024-10-05 13:15:00+00:00
sensor1,71.06909370009092,0.07836413853138798,2024-10-05 07:15:00+00:00
sensor3,77.17387807432102,0.12342382521822148,2024-10-06 04:15:00+00:00
sensor2,67.07686531627816,0.06491463408162043,2024-10-05 14:15:00+00:00
sensor1,72.08050801030011,0.07643639511748886,2024-10-05 08:15:00+00:00
sensor3,73.31238946558598,0.057260439214361344,2024-10-06 05:15:00+00:00
sensor3,65.76102383139522,0.07412621447791357,2024-10-06 06:15:00+00:00
sensor2,68.31257125958811,0.08239436091297864,2024-10-05 15:15:00+00:00
sensor2,66.56146152415062,0.08665790505739998,2024-10-05 16:15:00+00:00
sensor2,70.60070439932555,0.12970922848015132,2024-10-05 17:15:00+00:00
sensor3,73.59391464176935,0.10087510125334602,2024-10-06 07:15:00+00:00
sensor1,70.8486012742328,0.10560979591224195,2024-10-05 09:15:00+00:00
sensor3,68.70210868361829,0.05922213833838341,2024-10-06 08:15:00+00:00
sensor1,75.83111980738313,0.059763951222420356,2024-10-05 10:15:00+00:00
sensor1,77.68658805548804,0.06364944877698189,2024-10-05 11:15:00+00:00
sensor2,69.71513617534302,0.09824064430124149,2024-10-05 18:15:00+00:00
sensor2,66.96264033163419,0.06933337758869243,2024-10-05 19:15:00+00:00
sensor1,74.251364699558,0.0715129879781065,2024-10-05 12:15:00+00:00
sensor2,73.24009340564824,0.07059144352170323,2024-10-05 20:15:00+00:00
sensor3,67.93424411587375,0.05224027336226285,2024-10-06 09:15:00+00:00
sensor1,66.92306320555645,0.07371328776007001,2024-10-05 13:15:00+00:00
sensor3,73.1830252037658,0.059431923041075856,2024-10-06 10:15:00+00:00
sensor2,70.19063090708042,0.08802188707981633,2024-10-05 21:15:00+00:00
sensor1,75.94736846188677,0.08332726418927998,2024-10-05 14:15:00+00:00
sensor2,74.76888725367903,0.09060909380229243,2024-10-05 22:15:00+00:00
sensor1,69.02672130506981,0.10406246014355966,2024-10-05 15:15:00+00:00
sensor1,66.1781554858904,0.058218017462062524,2024-10-05 16:15:00+00:00
sensor3,72.35335523822543,0.09160564361415194,2024-10-06 11:15:00+00:00
sensor2,65.06767301898958,0.0884024241236331,2024-10-05 23:15:00+00:00
sensor3,77.5326927257206,0.07377727780340712,2024-10-06 12:15:00+00:00
sensor2,66.90183734132187,0.10265097738815432,2024-10-06 00:15:00+00:00
sensor1,75.8300993992761,0.062357268858429654,2024-10-05 17:15:00+00:00
sensor2,66.29219003904771,0.09300671116310474,2024-10-06 01:15:00+00:00
sensor3,74.03780538203037,0.11999708998371511,2024-10-06 13:15:00+00:00
sensor2,72.0746715016194,0.0778312978489447,2024-10-06 02:15:00+00:00
sensor3,72.28532710935464,0.08074499477509159,2024-10-06 14:15:00+00:00
sensor1,71.63185906236573,0.06747564253603852,2024-10-05 18:15:00+00:00
sensor1,65.76931739810271,0.07345343139823893,2024-10-05 19:15:00+00:00
sensor1,76.27586381939282,0.12593036075781716,2024-10-05 20:15:00+00:00
sensor1,77.67338149220949,0.076466785651407,2024-10-05 21:15:00+00:00
sensor2,67.83485615891252,0.11091334577245165,2024-10-06 03:15:00+00:00
sensor2,74.51441083081899,0.12536900134470408,2024-10-06 04:15:00+00:00
sensor1,77.45321747801455,0.10075749255771824,2024-10-05 22:15:00+00:00
sensor3,70.89133054536322,0.05628979947969451,2024-10-06 15:15:00+00:00
sensor2,74.90086203801216,0.055549171375642116,2024-10-06 05:15:00+00:00
sensor3,73.87986193631664,0.1169761335878451,2024-10-06 16:15:00+00:00
sensor2,73.53943430039794,0.12123390874252164,2024-10-06 06:15:00+00:00
sensor2,66.21371195779828,0.06328923204026668,2024-10-06 07:15:00+00:00
sensor3,68.42221136458518,0.0824026875375673,2024-10-06 17:15:00+00:00
sensor1,67.5619709187192,0.06531228531948824,2024-10-05 23:15:00+00:00
sensor2,69.89503353615723,0.06049633155704582,2024-10-06 08:15:00+00:00
sensor3,75.86068035966386,0.10979079866468061,2024-10-06 18:15:00+00:00
sensor2,76.01327479238739,0.12522487562282797,2024-10-06 09:15:00+00:00
sensor3,66.99852663918188,0.08352964051053675,2024-10-06 19:15:00+00:00
sensor3,67.56514626839616,0.09899286810157698,2024-10-06 20:15:00+00:00
sensor1,71.47344936122637,0.09545766021950518,2024-10-06 00:15:00+00:00
sensor3,77.17322635312443,0.05538778465478137,2024-10-06 21:15:00+00:00
sensor2,72.75844404308546,0.10720906066163971,2024-10-06 10:15:00+00:00
sensor2,73.6371612475368,0.054487559742994,2024-10-06 11:15:00+00:00
sensor1,67.0591725928204,0.07192152312742123,2024-10-06 01:15:00+00:00
sensor2,69.10375646335183,0.12253104226240039,2024-10-06 12:15:00+00:00
sensor1,73.34609342420549,0.10110265731444341,2024-10-06 02:15:00+00:00
sensor1,71.63762031117906,0.06937893385721153,2024-10-06 03:15:00+00:00
sensor3,77.80844770817238,0.09171411816057301,2024-10-06 22:15:00+00:00
sensor3,68.00720525878157,0.10351914222634628,2024-10-06 23:15:00+00:00
sensor2,65.33317951345819,0.09886420697781023,2024-10-06 13:15:00+00:00
sensor2,68.07683618379706,0.1155875813853599,2024-10-06 14:15:00+00:00
sensor2,66.8805278763159,0.11429887846118685,2024-10-06 15:15:00+00:00
sensor1,77.6433631013665,0.09782161882951489,2024-10-06 04:15:00+00:00
sensor3,72.33314965557085,0.09915613354549557,2024-10-07 00:15:00+00:00
sensor1,72.87283059947204,0.07845527952449655,2024-10-06 05:15:00+00:00
sensor1,67.92055415277557,0.0539166815512838,2024-10-06 06:15:00+00:00
sensor2,72.96033685867648,0.09197743744442882,2024-10-06 16:15:00+00:00
sensor1,69.8782949585544,0.085679031839418,2024-10-06 07:15:00+00:00
sensor1,70.11104202301696,0.12128202660182233,2024-10-06 08:15:00+00:00
sensor3,65.42697309886294,0.08874125633776397,2024-10-07 01:15:00+00:00
sensor1,74.54891138414493,0.056714286185532856,2024-10-06 09:15:00+00:00
sensor3,67.91727197400488,0.0928272495057336,2024-10-07 02:15:00+00:00
sensor2,66.23448645628915,0.12260258047766073,2024-10-06 17:15:00+00:00
sensor3,74.13671802479429,0.10600122519366077,2024-10-07 03:15:00+00:00
sensor1,75.10506554568623,0.052891534481669944,2024-10-06 10:15:00+00:00
sensor3,68.95559595138211,0.07389636077615026,2024-10-07 04:15:00+00:00
sensor3,65.7121422838135,0.09214400973321532,2024-10-07 05:15:00+00:00
sensor2,66.8412665005614,0.119586894262229,2024-10-06 18:15:00+00:00
sensor1,65.69639381606908,0.1005593413830409,2024-10-06 11:15:00+00:00
sensor3,74.88258394729294,0.09713830384805205,2024-10-07 06:15:00+00:00
sensor1,73.27536886864311,0.054729150422164086,2024-10-06 12:15:00+00:00
sensor2,66.53307608401794,0.085664876356459,2024-10-06 19:15:00+00:00
sensor2,74.56151850698127,0.0973012831833274,2024-10-06 20:15:00+00:00
sensor1,67.71334776102027,0.06303487730029883,2024-10-06 13:15:00+00:00
sensor2,66.83202548961432,0.053661195059332284,2024-10-06 21:15:00+00:00
sensor1,76.96885812080868,0.12117744709438939,2024-10-06 14:15:00+00:00
sensor1,66.06149692803224,0.12833237434945927,2024-10-06 15:15:00+00:00
sensor1,74.85979487006735,0.08902092247398331,2024-10-06 16:15:00+00:00
sensor2,77.7947422494208,0.08335256659358334,2024-10-06 22:15:00+00:00
sensor1,74.42723598776166,0.08008029742598076,2024-10-06 17:15:00+00:00
sensor3,72.27451407148571,0.11745723330318761,2024-10-07 07:15:00+00:00
sensor2,68.1600156059709,0.12132919742089066,2024-10-06 23:15:00+00:00
sensor1,70.71506376567703,0.08758117304398869,2024-10-06 18:15:00+00:00
sensor1,65.66870556303553,0.05062127091823522,2024-10-06 19:15:00+00:00
sensor1,76.75887359076627,0.10417955139205909,2024-10-06 20:15:00+00:00
sensor2,66.99754465486825,0.0822471713195988,2024-10-07 00:15:00+00:00
sensor1,74.97871473784042,0.06207689481802747,2024-10-06 21:15:00+00:00
sensor2,75.1551481543333,0.05538123603591436,2024-10-07 01:15:00+00:00
sensor2,70.41125829857809,0.11125361687340822,2024-10-07 02:15:00+00:00
sensor3,74.1417926431432,0.114488906557837,2024-10-07 08:15:00+00:00
sensor1,75.16207652202607,0.0844867705968464,2024-10-06 22:15:00+00:00
sensor3,74.0094043267126,0.10979475585001258,2024-10-07 09:15:00+00:00
sensor1,76.0578727228579,0.08230613048030355,2024-10-06 23:15:00+00:00
sensor1,71.81989180782313,0.05996075543720071,2024-10-07 00:15:00+00:00
sensor2,69.54791333822047,0.12836668792977085,2024-10-07 03:15:00+00:00
sensor1,74.27187773808005,0.12323635253837259,2024-10-07 01:15:00+00:00
sensor3,67.11151304994684,0.07955316579385714,2024-10-07 10:15:00+00:00
sensor2,76.62797995661218,0.1162971737278476,2024-10-07 04:15:00+00:00
sensor3,75.96243988481362,0.11303429780509378,2024-10-07 11:15:00+00:00
sensor3,65.0855951801937,0.12822796943378678,2024-10-07 12:15:00+00:00
sensor2,77.49237449638737,0.10054800360038457,2024-10-07 05:15:00+00:00
sensor1,66.41211743976528,0.07626155195181154,2024-10-07 02:15:00+00:00
sensor2,77.70476069663904,0.09918156378458085,2024-10-07 06:15:00+00:00
sensor3,72.73194192284149,0.09750611596550834,2024-10-07 13:15:00+00:00
sensor1,75.90306429178594,0.05644178848797438,2024-10-07 03:15:00+00:00
sensor1,76.2354363088792,0.10538865519228095,2024-10-07 04:15:00+00:00
sensor2,72.67132428417626,0.06507816310564832,2024-10-07 07:15:00+00:00
sensor1,72.57363962594191,0.08346963848897544,2024-10-07 05:15:00+00:00
sensor1,77.15512367384315,0.08996428314121205,2024-10-07 06:15:00+00:00
sensor1,68.7015022935777,0.07581554110798036,2024-10-07 07:15:00+00:00
sensor2,68.16390406216533,0.11576278538408409,2024-10-07 08:15:00+00:00
sensor1,65.2061275402202,0.12148478874333499,2024-10-07 08:15:00+00:00
sensor1,75.45764495394984,0.09023449578082737,2024-10-07 09:15:00+00:00
sensor2,71.79626923886835,0.06711901539511968,2024-10-07 09:15:00+00:00
sensor1,70.08277918027343,0.11975931703939015,2024-10-07 10:15:00+00:00
sensor1,69.00543224552997,0.05513733556598727,2024-10-07 11:15:00+00:00
sensor1,74.03312096064144,0.05166446847114536,2024-10-07 12:15:00+00:00
sensor3,77.16284762282194,0.061023750581295826,2024-10-07 14:15:00+00:00
sensor2,67.18284971797695,0.11928045004916966,2024-10-07 10:15:00+00:00
sensor2,75.20120576347675,0.11324692404816318,2024-10-07 11:15:00+00:00
sensor2,68.09551816767733,0.0518370616827701,2024-10-07 12:15:00+00:00
sensor3,75.66771791648522,0.07832936567899702,2024-10-07 15:15:00+00:00
sensor2,72.45317328621128,0.0952403750672621,2024-10-07 13:15:00+00:00
sensor2,77.7131930095575,0.10338096998058555,2024-10-07 14:15:00+00:00
sensor2,76.10403393247185,0.10497616478902144,2024-10-07 15:15:00+00:00
sensor1,73.74748482427168,0.11365247701840524,2024-10-07 13:15:00+00:00
sensor1,70.1596512393035,0.1008308216857582,2024-10-07 14:15:00+00:00
sensor3,73.85133087378661,0.11693732851354466,2024-10-07 16:15:00+00:00
sensor2,72.28013754947062,0.050802500259001966,2024-10-07 16:15:00+00:00
sensor2,77.85229415071436,0.0978362068284779,2024-10-07 17:15:00+00:00
sensor2,73.5397816501851,0.10481163962504389,2024-10-07 18:15:00+00:00
sensor2,77.66958547370726,0.10043033929896186,2024-10-07 19:15:00+00:00
sensor3,73.05972033526893,0.09238271997121428,2024-10-07 17:15:00+00:00
sensor1,71.8271916481457,0.06734064868369188,2024-10-07 15:15:00+00:00
sensor2,74.67798933329655,0.07571836968650462,2024-10-07 20:15:00+00:00
sensor1,71.46050821498088,0.07171078517955674,2024-10-07 16:15:00+00:00
sensor3,77.80735703670251,0.05395058420049833,2024-10-07 18:15:00+00:00
sensor1,71.39733382526171,0.061325716369561314,2024-10-07 17:15:00+00:00
sensor1,73.43369597810423,0.10250136610874482,2024-10-07 18:15:00+00:00
sensor2,68.16793395001099,0.05271128108701186,2024-10-07 21:15:00+00:00
sensor3,76.08805823458323,0.12176281861283447,2024-10-07 19:15:00+00:00
sensor1,74.39084658958093,0.05765147379677739,2024-10-07 19:15:00+00:00
sensor2,73.95842953426045,0.11281040844628405,2024-10-07 22:15:00+00:00
sensor3,68.2512084307015,0.105489218952145,2024-10-07 20:15:00+00:00
sensor3,68.2840718400643,0.06784317891209467,2024-10-07 21:15:00+00:00
sensor2,70.0359467148553,0.12402087811124085,2024-10-07 23:15:00+00:00
sensor1,67.89890109881257,0.11845794867467944,2024-10-07 20:15:00+00:00
sensor1,70.08704493201685,0.07958206734865127,2024-10-07 21:15:00+00:00
sensor3,66.6274392549971,0.06516731947533368,2024-10-07 22:15:00+00:00
sensor2,71.98992488673726,0.08100901062580833,2024-10-08 00:15:00+00:00
sensor2,71.10473648726332,0.078895801045011,2024-10-08 01:15:00+00:00
sensor1,67.3736932127722,0.05870092994079648,2024-10-07 22:15:00+00:00
sensor3,72.74771329235239,0.08288552755322151,2024-10-07 23:15:00+00:00
sensor1,66.59699457528764,0.06183788413392681,2024-10-07 23:15:00+00:00
sensor3,75.6156759340256,0.07095022799389666,2024-10-08 00:15:00+00:00
sensor1,76.49146333971866,0.11656370332304032,2024-10-08 00:15:00+00:00
sensor1,67.04745838881901,0.09523146602854773,2024-10-08 01:15:00+00:00
sensor2,66.4111193901119,0.1191111361987152,2024-10-08 02:15:00+00:00
sensor3,74.71179652499342,0.12516399642955528,2024-10-08 01:15:00+00:00
sensor2,76.09277204465403,0.126175999320663,2024-10-08 03:15:00+00:00
sensor3,72.90097421630271,0.0807176772470507,2024-10-08 02:15:00+00:00
sensor1,72.53964969513443,0.09510185594549411,2024-10-08 02:15:00+00:00
sensor3,77.64937795349628,0.07553553703372798,2024-10-08 03:15:00+00:00
sensor2,67.1906975340923,0.07670515354161576,2024-10-08 04:15:00+00:00
sensor2,69.42838025133427,0.06348659913798942,2024-10-08 05:15:00+00:00
sensor1,65.8267166309955,0.06757502085972486,2024-10-08 03:15:00+00:00
sensor1,70.30548710828776,0.08891966666577858,2024-10-08 04:15:00+00:00
sensor3,68.8802354573715,0.11474256573956436,2024-10-08 04:15:00+00:00
sensor1,76.10675453886908,0.07420122608653193,2024-10-08 05:15:00+00:00
sensor1,71.82636207726966,0.06410329929882791,2024-10-08 06:15:00+00:00
sensor2,67.8615307941858,0.09083774494976504,2024-10-08 06:15:00+00:00
sensor2,70.81057905747868,0.10143073059666544,2024-10-08 07:15:00+00:00
sensor1,75.16224702411415,0.09747622234447173,2024-10-08 07:15:00+00:00
sensor2,68.72454629103594,0.1045822905729814,2024-10-08 08:15:00+00:00
sensor1,76.10417787924379,0.08860253696412962,2024-10-08 08:15:00+00:00
sensor1,66.72792988468522,0.12152499117454689,2024-10-08 09:15:00+00:00
sensor1,71.96483390532086,0.12444065880268147,2024-10-08 10:15:00+00:00
sensor1,74.20832640711839,0.1185363074228837,2024-10-08 11:15:00+00:00
sensor2,69.85730376469647,0.10366380021622429,2024-10-08 09:15:00+00:00
sensor2,65.88814234636519,0.12710897089987516,2024-10-08 10:15:00+00:00
sensor1,65.69775646853121,0.10597091646225859,2024-10-08 12:15:00+00:00
sensor3,71.17768520439387,0.1291267554168356,2024-10-08 05:15:00+00:00
sensor2,71.35407067420554,0.09132510186109849,2024-10-08 11:15:00+00:00
sensor1,67.50643260569647,0.07574647877416282,2024-10-08 13:15:00+00:00
sensor1,72.86286090110292,0.08103009307939915,2024-10-08 14:15:00+00:00
sensor1,68.92705083092113,0.07780364495888316,2024-10-08 15:15:00+00:00
sensor2,67.52738622119276,0.08028896878993974,2024-10-08 12:15:00+00:00
sensor2,76.84718972989532,0.11329215169786273,2024-10-08 13:15:00+00:00
sensor2,66.5522307865151,0.11170797248082484,2024-10-08 14:15:00+00:00
sensor3,71.86101486965237,0.08481292913050917,2024-10-08 06:15:00+00:00
sensor1,68.21654048836626,0.11922736369949145,2024-10-08 16:15:00+00:00
sensor1,73.38401996729684,0.10197331104001064,2024-10-08 17:15:00+00:00
sensor1,71.60498851453276,0.05195452376123815,2024-10-08 18:15:00+00:00
sensor2,73.7244224873255,0.08520247332376629,2024-10-08 15:15:00+00:00
sensor3,72.5163833857733,0.05453313487497886,2024-10-08 07:15:00+00:00
sensor1,77.4184870219622,0.12772089364142403,2024-10-08 19:15:00+00:00
sensor3,67.93013040536171,0.10476829400187221,2024-10-08 08:15:00+00:00
sensor1,66.68712703971303,0.09596987499727558,2024-10-08 20:15:00+00:00
sensor3,72.25022229466593,0.07235306482143795,2024-10-08 09:15:00+00:00
sensor3,66.98802260365255,0.07695436986676103,2024-10-08 10:15:00+00:00
sensor1,70.07405031946038,0.09083643095755986,2024-10-08 21:15:00+00:00
sensor3,74.1543854931608,0.10228320140890296,2024-10-08 11:15:00+00:00
sensor1,72.18901041931565,0.11607279734897166,2024-10-08 22:15:00+00:00
sensor3,67.40424527977244,0.08107792442455702,2024-10-08 12:15:00+00:00
sensor1,76.07460767256393,0.12927451290179606,2024-10-08 23:15:00+00:00
sensor1,68.65074672221945,0.06873830250044587,2024-10-09 00:15:00+00:00
sensor2,72.87915809779402,0.12109834627444198,2024-10-08 16:15:00+00:00
sensor1,75.58288099669971,0.11784990824223213,2024-10-09 01:15:00+00:00
sensor1,76.33514473944695,0.0909645030940906,2024-10-09 02:15:00+00:00
sensor1,72.26322736928032,0.12374820024843465,2024-10-09 03:15:00+00:00
sensor1,70.08999148816206,0.06908783299970504,2024-10-09 04:15:00+00:00
sensor1,68.99696305719701,0.12273076320374463,2024-10-09 05:15:00+00:00
sensor3,77.70708615561541,0.12175317758997738,2024-10-08 13:15:00+00:00
sensor3,72.24283259004835,0.11858163215058591,2024-10-08 14:15:00+00:00
sensor3,72.3362398838299,0.09961536334112571,2024-10-08 15:15:00+00:00
sensor2,75.3096153144822,0.07593178456500381,2024-10-08 17:15:00+00:00
sensor2,70.63538480409515,0.10719621157834414,2024-10-08 18:15:00+00:00
sensor2,74.30684989380549,0.09367781793259211,2024-10-08 19:15:00+00:00
sensor2,75.27565821906114,0.08897235675685415,2024-10-08 20:15:00+00:00
sensor2,72.48568421098558,0.12657859545731232,2024-10-08 21:15:00+00:00
sensor3,73.61848856150233,0.07421684814244994,2024-10-08 16:15:00+00:00
sensor3,77.96367922526481,0.08983101556597387,2024-10-08 17:15:00+00:00
sensor3,73.06303249190667,0.12777396129468926,2024-10-08 18:15:00+00:00
sensor1,76.82573831186036,0.11700722912436048,2024-10-09 06:15:00+00:00
sensor2,74.691654848856,0.07348000570786754,2024-10-08 22:15:00+00:00
sensor1,73.32978095192588,0.10433705558569425,2024-10-09 07:15:00+00:00
sensor1,69.82136701603814,0.09454570552196018,2024-10-09 08:15:00+00:00
sensor2,72.89400325466661,0.05774426929415422,2024-10-08 23:15:00+00:00
sensor2,68.97569771428792,0.11856737176384881,2024-10-09 00:15:00+00:00
sensor2,65.66724885678005,0.07218373552072621,2024-10-09 01:15:00+00:00
sensor1,72.26464208398667,0.1152407714648471,2024-10-09 09:15:00+00:00
sensor1,72.8790199680106,0.05567587901759722,2024-10-09 10:15:00+00:00
sensor3,66.97062971902054,0.10135444306314391,2024-10-08 19:15:00+00:00
sensor3,65.4332701620085,0.09889655441027656,2024-10-08 20:15:00+00:00
sensor1,73.12115534381365,0.080842383442957,2024-10-09 11:15:00+00:00
sensor3,75.27878553310885,0.08472660180028284,2024-10-08 21:15:00+00:00
sensor1,69.14717336004264,0.12451033678023042,2024-10-09 12:15:00+00:00
sensor1,76.48036134531307,0.08796079272793796,2024-10-09 13:15:00+00:00
sensor1,75.60685697426463,0.12273360044603744,2024-10-09 14:15:00+00:00
sensor2,70.57222582386859,0.12311651076269563,2024-10-09 02:15:00+00:00
sensor3,76.64021288322836,0.11917804408488245,2024-10-08 22:15:00+00:00
sensor3,66.58396466247375,0.06682026693476867,2024-10-08 23:15:00+00:00
sensor3,75.50491168478213,0.05048014171235496,2024-10-09 00:15:00+00:00
sensor3,73.16186888063251,0.05100476216306426,2024-10-09 01:15:00+00:00
sensor2,65.7766194756639,0.057101968963192036,2024-10-09 03:15:00+00:00
sensor3,72.05609178629314,0.11781872278321127,2024-10-09 02:15:00+00:00
sensor3,74.11896896665117,0.05316131313755712,2024-10-09 03:15:00+00:00
sensor3,76.23793600102385,0.08604961310583226,2024-10-09 04:15:00+00:00
sensor1,75.32144670739169,0.10452192495845858,2024-10-09 15:15:00+00:00
sensor1,70.41622453807432,0.07835773369788995,2024-10-09 16:15:00+00:00
sensor1,70.31680189166427,0.10694842662578449,2024-10-09 17:15:00+00:00
sensor2,67.16023210378708,0.07093416448022759,2024-10-09 04:15:00+00:00
sensor2,69.82214207184774,0.08627203833618269,2024-10-09 05:15:00+00:00
sensor2,73.86968718295573,0.10469795568967524,2024-10-09 06:15:00+00:00
sensor1,76.49418395241754,0.05826490210787211,2024-10-09 18:15:00+00:00
sensor1,71.08915362792011,0.08179103593930603,2024-10-09 19:15:00+00:00
sensor3,73.99567015872586,0.08435416184638841,2024-10-09 05:15:00+00:00
sensor1,70.67861841071145,0.09341934707922118,2024-10-09 20:15:00+00:00
sensor2,75.55064825807318,0.09345753738776938,2024-10-09 07:15:00+00:00
sensor3,74.61282126851397,0.07938057761879613,2024-10-09 06:15:00+00:00
sensor2,69.57311506077887,0.0905286508079145,2024-10-09 08:15:00+00:00
sensor2,69.29117434214021,0.09779381119321846,2024-10-09 09:15:00+00:00
sensor1,74.89552042176672,0.12978994573210145,2024-10-09 21:15:00+00:00
sensor2,66.10152560667734,0.08844180432600682,2024-10-09 10:15:00+00:00
sensor3,65.3464110938401,0.050219611906817944,2024-10-09 07:15:00+00:00
sensor3,68.58566879406948,0.11210539864725941,2024-10-09 08:15:00+00:00
sensor2,73.00925817326193,0.08297680909637059,2024-10-09 11:15:00+00:00
sensor1,75.55262943156876,0.10166287165816282,2024-10-09 22:15:00+00:00
sensor1,71.37404571705197,0.06050112599741779,2024-10-09 23:15:00+00:00
sensor1,71.42402502540267,0.09866847759578297,2024-10-10 00:15:00+00:00
sensor1,77.34050128750269,0.11346928476835748,2024-10-10 01:15:00+00:00
sensor3,66.75755740743928,0.11348334225157014,2024-10-09 09:15:00+00:00
sensor2,66.93035392970188,0.11975380041674231,2024-10-09 12:15:00+00:00
sensor3,70.71314285198801,0.10621701521447457,2024-10-09 10:15:00+00:00
sensor1,77.58764546605194,0.06040110502027369,2024-10-10 02:15:00+00:00
sensor1,77.36765570632971,0.06493827725002745,2024-10-10 03:15:00+00:00
sensor3,68.25592227736448,0.06999671297526207,2024-10-09 11:15:00+00:00
sensor2,74.93889028343459,0.12701852741078629,2024-10-09 13:15:00+00:00
sensor1,67.48401007327331,0.10816595110666109,2024-10-10 04:15:00+00:00
sensor3,65.40950915910575,0.10658267044064855,2024-10-09 12:15:00+00:00
sensor2,65.67066365012441,0.07173915574621645,2024-10-09 14:15:00+00:00
sensor3,67.54722090136498,0.0733038939383264,2024-10-09 13:15:00+00:00
sensor3,68.73606249711062,0.050260142559808575,2024-10-09 14:15:00+00:00
sensor1,77.12395412639235,0.06071542037437541,2024-10-10 05:15:00+00:00
sensor2,77.52802095003521,0.06372151245588809,2024-10-09 15:15:00+00:00
sensor3,71.7739635025168,0.058973308749407656,2024-10-09 15:15:00+00:00
sensor1,70.8098059042045,0.08301385355146372,2024-10-10 06:15:00+00:00
sensor1,73.02299893732106,0.06534929503676547,2024-10-10 07:15:00+00:00
sensor3,76.40607061707351,0.05142305961828457,2024-10-09 16:15:00+00:00
sensor3,76.72026109172846,0.1131893511238389,2024-10-09 17:15:00+00:00
sensor2,72.22215022496354,0.0921828058694662,2024-10-09 16:15:00+00:00
sensor1,70.95175171104471,0.1195694943785362,2024-10-10 08:15:00+00:00
sensor2,76.85748613146684,0.060296874561376355,2024-10-09 17:15:00+00:00
sensor2,73.30549801298271,0.09146436943350494,2024-10-09 18:15:00+00:00
sensor3,69.65699575352247,0.0783635764742082,2024-10-09 18:15:00+00:00
sensor1,68.46657904160061,0.11718784464826143,2024-10-10 09:15:00+00:00
sensor2,70.17221758087233,0.11085855209059337,2024-10-09 19:15:00+00:00
sensor3,68.43059086438922,0.09756572336950184,2024-10-09 19:15:00+00:00
sensor2,71.11760447827898,0.10523839599859569,2024-10-09 20:15:00+00:00
sensor3,65.67664273477497,0.055968218282157534,2024-10-09 20:15:00+00:00
sensor3,69.70262043621798,0.105526705617005,2024-10-09 21:15:00+00:00
sensor1,68.8547598200617,0.1051751206472924,2024-10-10 10:15:00+00:00
sensor1,73.19030244207133,0.08663689314579343,2024-10-10 11:15:00+00:00
sensor1,75.68097058087116,0.09647011351662257,2024-10-10 12:15:00+00:00
sensor2,67.57190009072855,0.05106118593843686,2024-10-09 21:15:00+00:00
sensor1,74.63055422654502,0.09382830354916913,2024-10-10 13:15:00+00:00
sensor3,71.01020132812727,0.10308860908483539,2024-10-09 22:15:00+00:00
sensor3,75.5750116465966,0.051992652455839485,2024-10-09 23:15:00+00:00
sensor1,67.46296730166297,0.05737267933108344,2024-10-10 14:15:00+00:00
sensor2,69.90033183370818,0.061516534521371916,2024-10-09 22:15:00+00:00
sensor2,73.48850752866088,0.059537291129902234,2024-10-09 23:15:00+00:00
sensor3,74.64968388241184,0.09529688370107489,2024-10-10 00:15:00+00:00
sensor2,72.19241590606237,0.06970115136947827,2024-10-10 00:15:00+00:00
sensor3,73.49583069649171,0.051714002468600306,2024-10-10 01:15:00+00:00
sensor1,66.87444138713204,0.10184886375543323,2024-10-10 15:15:00+00:00
sensor3,68.9333235486464,0.05953463250980731,2024-10-10 02:15:00+00:00
sensor3,76.14051386179982,0.0636557032140259,2024-10-10 03:15:00+00:00
sensor2,68.92147950603044,0.06912406052640226,2024-10-10 01:15:00+00:00
sensor1,67.25301582942949,0.10062378711234922,2024-10-10 16:15:00+00:00
sensor3,66.25363744985933,0.09555471653473396,2024-10-10 04:15:00+00:00
sensor3,66.80718203939925,0.0551300312166195,2024-10-10 05:15:00+00:00
sensor1,67.3308225982647,0.07420791073298909,2024-10-10 17:15:00+00:00
sensor3,66.12092034051298,0.10693863008763131,2024-10-10 06:15:00+00:00
sensor1,77.30554386504693,0.07462390937207872,2024-10-10 18:15:00+00:00
sensor3,70.23790410896402,0.08451791722248793,2024-10-10 07:15:00+00:00
sensor2,75.48161955663056,0.12556218448698525,2024-10-10 02:15:00+00:00
sensor2,74.99888553663438,0.06823624747271959,2024-10-10 03:15:00+00:00
sensor3,75.8324747938245,0.10306412444766108,2024-10-10 08:15:00+00:00
sensor1,73.02963532864658,0.100819893024148,2024-10-10 19:15:00+00:00
sensor2,67.11167222229554,0.12216836189129666,2024-10-10 04:15:00+00:00
sensor2,67.7946452707593,0.09636839675051362,2024-10-10 05:15:00+00:00
sensor1,72.2384845999742,0.09584743912109317,2024-10-10 20:15:00+00:00
sensor3,67.19305935720404,0.10594537360347264,2024-10-10 09:15:00+00:00
sensor1,68.58384942527861,0.10062599604219435,2024-10-10 21:15:00+00:00
sensor3,71.52547569184338,0.0996312548513313,2024-10-10 10:15:00+00:00
sensor1,71.65746414456264,0.08553675353278947,2024-10-10 22:15:00+00:00
sensor3,71.55722492076198,0.06696240486100093,2024-10-10 11:15:00+00:00
sensor1,76.83146100122393,0.11217971245587595,2024-10-10 23:15:00+00:00
sensor2,68.14032353696192,0.054406265421549437,2024-10-10 06:15:00+00:00
sensor3,71.6941141262181,0.09612605859056311,2024-10-10 12:15:00+00:00
sensor2,67.9476377043794,0.1284621303852217,2024-10-10 07:15:00+00:00
sensor3,72.09397068089814,0.055277067824838516,2024-10-10 13:15:00+00:00
sensor2,67.3687662219328,0.11186712769689355,2024-10-10 08:15:00+00:00
sensor3,69.54925258622386,0.08197050779137038,2024-10-10 14:15:00+00:00
sensor3,76.84200787474225,0.1155880965945402,2024-10-10 15:15:00+00:00
sensor3,65.906937589761,0.08057409641707503,2024-10-10 16:15:00+00:00
sensor1,73.44983178310196,0.09692992664920545,2024-10-11 00:15:00+00:00
sensor3,73.75849271276664,0.08403774056545343,2024-10-10 17:15:00+00:00
sensor2,77.13329766236939,0.12241213969176479,2024-10-10 09:15:00+00:00
sensor2,68.7237613046287,0.10094673955295236,2024-10-10 10:15:00+00:00
sensor1,73.60683617972327,0.11416931084370908,2024-10-11 01:15:00+00:00
sensor3,69.910647206669,0.11612625516996794,2024-10-10 18:15:00+00:00
sensor3,75.99461334900897,0.06440046343168762,2024-10-10 19:15:00+00:00
sensor2,69.07562478706444,0.11398309924523838,2024-10-10 11:15:00+00:00
sensor2,71.62539079930441,0.07180747579052234,2024-10-10 12:15:00+00:00
sensor1,70.24417544183125,0.068124204620401,2024-10-11 02:15:00+00:00
sensor2,67.51861399420244,0.05470805715253087,2024-10-10 13:15:00+00:00
sensor1,70.8901104669278,0.10867365441484339,2024-10-11 03:15:00+00:00
sensor3,76.94431382129535,0.12123195229808631,2024-10-10 20:15:00+00:00
sensor2,74.48916698767955,0.09214230426984768,2024-10-10 14:15:00+00:00
sensor2,66.77849237388916,0.12009263526470865,2024-10-10 15:15:00+00:00
sensor1,69.60460251861532,0.07592790972361872,2024-10-11 04:15:00+00:00
sensor1,65.36419816094694,0.08934410696606263,2024-10-11 05:15:00+00:00
sensor3,69.69066455508484,0.07059423196592773,2024-10-10 21:15:00+00:00
sensor2,73.38903185878002,0.09002279051956492,2024-10-10 16:15:00+00:00
sensor2,66.13795188818102,0.09554427517435315,2024-10-10 17:15:00+00:00
sensor1,67.32000650585647,0.1064057327969274,2024-10-11 06:15:00+00:00
sensor3,67.31516737299307,0.12142123143996213,2024-10-10 22:15:00+00:00
sensor1,71.20301380872786,0.06245464493767767,2024-10-11 07:15:00+00:00
sensor2,67.76007122167965,0.06851945499260102,2024-10-10 18:15:00+00:00
sensor1,72.49712742489544,0.07585762309853086,2024-10-11 08:15:00+00:00
sensor2,66.99582131580966,0.08380326666117291,2024-10-10 19:15:00+00:00
sensor3,71.82925144710623,0.07094161372418106,2024-10-10 23:15:00+00:00
sensor2,75.03606452912506,0.0826880470236278,2024-10-10 20:15:00+00:00
sensor1,76.79731770496099,0.06249304306672133,2024-10-11 09:15:00+00:00
sensor3,65.56644052167377,0.1102383647286084,2024-10-11 00:15:00+00:00
sensor2,71.492337271128,0.10415554345638955,2024-10-10 21:15:00+00:00
sensor3,74.51321896200926,0.09073841266140874,2024-10-11 01:15:00+00:00
sensor1,69.72026240122602,0.10405831771023746,2024-10-11 10:15:00+00:00
sensor1,70.55045717612487,0.10704471522048048,2024-10-11 11:15:00+00:00
sensor3,66.82753132925755,0.09235728781520362,2024-10-11 02:15:00+00:00
sensor3,74.29987521779219,0.08183149941744639,2024-10-11 03:15:00+00:00
sensor1,68.7405827380808,0.06002135907964419,2024-10-11 12:15:00+00:00
sensor2,67.27466181714342,0.10481765598856138,2024-10-10 22:15:00+00:00
sensor3,68.85459186047012,0.06688192764432274,2024-10-11 04:15:00+00:00
sensor2,65.93004959017263,0.08168350630774747,2024-10-10 23:15:00+00:00
sensor1,67.23414704011815,0.10652465821490857,2024-10-11 13:15:00+00:00
sensor1,69.1135124279106,0.11617340058960329,2024-10-11 14:15:00+00:00
sensor3,65.41856228260659,0.07044329381292809,2024-10-11 05:15:00+00:00
sensor3,76.50142656625225,0.1294593315858874,2024-10-11 06:15:00+00:00
sensor2,71.78362680694771,0.09405703666608353,2024-10-11 00:15:00+00:00
sensor3,66.59679672859465,0.12510108123268576,2024-10-11 07:15:00+00:00
sensor1,77.2566304953047,0.09962009622169876,2024-10-11 15:15:00+00:00
sensor2,65.42842565771244,0.05763524722071839,2024-10-11 01:15:00+00:00
sensor1,76.81632211203933,0.08143775651564539,2024-10-11 16:15:00+00:00
sensor3,65.77837083920912,0.052833749305943686,2024-10-11 08:15:00+00:00
sensor3,72.8533999392941,0.1039260335511355,2024-10-11 09:15:00+00:00
sensor3,73.8638857494163,0.08289475762925813,2024-10-11 10:15:00+00:00
sensor1,77.84878613082799,0.1231413389850088,2024-10-11 17:15:00+00:00
sensor1,74.531036248663,0.0562601305480522,2024-10-11 18:15:00+00:00
sensor2,68.51387886920705,0.12062050682515621,2024-10-11 02:15:00+00:00
sensor2,65.67625567319963,0.12036378086052196,2024-10-11 03:15:00+00:00
sensor3,75.24294638778667,0.12461923679670095,2024-10-11 11:15:00+00:00
sensor3,67.65385902539933,0.09375582342342367,2024-10-11 12:15:00+00:00
sensor3,71.53254446413769,0.08589167806342486,2024-10-11 13:15:00+00:00
sensor1,68.50367709964475,0.06960492801243293,2024-10-11 19:15:00+00:00
sensor3,75.14329867528174,0.11251419605343872,2024-10-11 14:15:00+00:00
sensor1,74.1686320524578,0.1266467125819608,2024-10-11 20:15:00+00:00
sensor3,65.63194134007185,0.08456763858512265,2024-10-11 15:15:00+00:00
sensor3,76.70477970924725,0.051117711917501314,2024-10-11 16:15:00+00:00
sensor2,73.26490986922943,0.08087223306922395,2024-10-11 04:15:00+00:00
sensor1,76.32479419994023,0.10596294411645268,2024-10-11 21:15:00+00:00
sensor2,73.23255180863116,0.05065297451824132,2024-10-11 05:15:00+00:00
sensor2,68.12667230277708,0.10622624752438234,2024-10-11 06:15:00+00:00
sensor1,69.83893177776912,0.051126360611148995,2024-10-11 22:15:00+00:00
sensor2,65.74945806707548,0.0990163548334074,2024-10-11 07:15:00+00:00
sensor1,72.05861654200837,0.0875216671801878,2024-10-11 23:15:00+00:00
sensor2,76.44913803650016,0.07945213736978324,2024-10-11 08:15:00+00:00
sensor1,68.80620858797744,0.11503250620583842,2024-10-12 00:15:00+00:00
sensor2,67.0329154784507,0.05864137739004463,2024-10-11 09:15:00+00:00
sensor2,74.42430528506851,0.06962864957944143,2024-10-11 10:15:00+00:00
sensor2,71.48381130056342,0.10478459917676093,2024-10-11 11:15:00+00:00
sensor3,73.67285984677791,0.07651401243959069,2024-10-11 17:15:00+00:00
sensor1,65.91890007897656,0.12298567066655523,2024-10-12 01:15:00+00:00
sensor3,69.87042264282071,0.0912604360610546,2024-10-11 18:15:00+00:00
sensor3,65.3495734914895,0.12534144869227665,2024-10-11 19:15:00+00:00
sensor3,65.22063440672284,0.09108396938905028,2024-10-11 20:15:00+00:00
sensor3,70.39402846667095,0.06933969220233874,2024-10-11 21:15:00+00:00
sensor2,75.03543764444957,0.08719927549062823,2024-10-11 12:15:00+00:00
sensor1,68.45535971062382,0.05758059734481515,2024-10-12 02:15:00+00:00
sensor1,69.47411821628776,0.07700102952352265,2024-10-12 03:15:00+00:00
sensor1,67.53508028335273,0.12764519080520248,2024-10-12 04:15:00+00:00
sensor3,66.82533973350198,0.10353386704852202,2024-10-11 22:15:00+00:00
sensor2,69.35636388507027,0.06934072773612254,2024-10-11 13:15:00+00:00
sensor3,76.9757991801529,0.06105753258711962,2024-10-11 23:15:00+00:00
sensor1,77.32851020303528,0.06951041963057382,2024-10-12 05:15:00+00:00
sensor3,66.38252638207544,0.10013492742608776,2024-10-12 00:15:00+00:00
sensor1,65.41583093828588,0.09895516571120068,2024-10-12 06:15:00+00:00
sensor3,67.19056640328296,0.11909943697537911,2024-10-12 01:15:00+00:00
sensor3,75.29828840779176,0.0705484812243021,2024-10-12 02:15:00+00:00
sensor3,67.57672539590914,0.09031543705871492,2024-10-12 03:15:00+00:00
sensor2,67.66307153381065,0.055332118675726856,2024-10-11 14:15:00+00:00
sensor1,76.9428416468123,0.05656132209766728,2024-10-12 07:15:00+00:00
sensor3,77.54432743651608,0.10898759471222039,2024-10-12 04:15:00+00:00
sensor3,66.93465456581592,0.060603548930141526,2024-10-12 05:15:00+00:00
sensor1,70.39387802732621,0.09533706912481854,2024-10-12 08:15:00+00:00
sensor3,74.21332403821783,0.10155659340275944,2024-10-12 06:15:00+00:00
sensor2,70.21273516101425,0.08558420624856092,2024-10-11 15:15:00+00:00
sensor1,69.52449651190578,0.10392985455136175,2024-10-12 09:15:00+00:00
sensor3,75.4746236958872,0.06208458438557794,2024-10-12 07:15:00+00:00
sensor3,67.6073344791468,0.07777581598063699,2024-10-12 08:15:00+00:00
sensor1,65.63322145843898,0.073457328345851,2024-10-12 10:15:00+00:00
sensor2,68.47403253187558,0.12767028893703422,2024-10-11 16:15:00+00:00
sensor2,73.96472069951808,0.11544079540868012,2024-10-11 17:15:00+00:00
sensor2,66.21440203774968,0.12646348161168341,2024-10-11 18:15:00+00:00
sensor2,77.38315861980932,0.07928065893968424,2024-10-11 19:15:00+00:00
sensor3,67.44872490887133,0.09599522721472317,2024-10-12 09:15:00+00:00
sensor1,69.54813057180509,0.11938016138634011,2024-10-12 11:15:00+00:00
sensor2,72.85750359381375,0.08685016211292652,2024-10-11 20:15:00+00:00
sensor3,66.77536456747588,0.0545201982816599,2024-10-12 10:15:00+00:00
sensor3,66.55305182094443,0.08142125392187619,2024-10-12 11:15:00+00:00
sensor2,75.11520608389442,0.12452648011291194,2024-10-11 21:15:00+00:00
sensor2,71.59124497096052,0.11444368290591592,2024-10-11 22:15:00+00:00
sensor1,70.55210117101208,0.12326435786282641,2024-10-12 12:15:00+00:00
sensor1,73.00247353211827,0.07360745720163281,2024-10-12 13:15:00+00:00
sensor2,67.2692267133887,0.10231318355935792,2024-10-11 23:15:00+00:00
sensor1,68.92195781453113,0.06536134315824033,2024-10-12 14:15:00+00:00
sensor2,70.91665012532448,0.12541255934102113,2024-10-12 00:15:00+00:00
sensor1,65.21181934621862,0.06175156166361318,2024-10-12 15:15:00+00:00
sensor3,66.0728355681786,0.11194218882702625,2024-10-12 12:15:00+00:00
sensor3,69.24786424348292,0.11302187426450232,2024-10-12 13:15:00+00:00
sensor1,69.26132671069118,0.07071397280223223,2024-10-12 16:15:00+00:00
sensor2,75.63490053994374,0.06794248350261572,2024-10-12 01:15:00+00:00
sensor3,77.00976477202614,0.055998869008093616,2024-10-12 14:15:00+00:00
sensor1,72.30391742330973,0.09105899866885808,2024-10-12 17:15:00+00:00
sensor3,68.95492109578093,0.1288765902038469,2024-10-12 15:15:00+00:00
sensor1,72.76442729715146,0.07580531809590699,2024-10-12 18:15:00+00:00
sensor1,70.22845534347125,0.06879874235004824,2024-10-12 19:15:00+00:00
sensor2,76.76347662606251,0.10934852891848407,2024-10-12 02:15:00+00:00
sensor1,77.66468417864112,0.07973058176490178,2024-10-12 20:15:00+00:00
sensor3,71.5619326242426,0.0611732129452712,2024-10-12 16:15:00+00:00
sensor1,77.19440205861389,0.10690658554227687,2024-10-12 21:15:00+00:00
sensor3,74.27519671972941,0.10377390072892914,2024-10-12 17:15:00+00:00
sensor1,68.29101550101028,0.10323458201267377,2024-10-12 22:15:00+00:00
sensor2,65.0151862505627,0.08697037224883158,2024-10-12 03:15:00+00:00
sensor3,72.90514903422758,0.07422955880634621,2024-10-12 18:15:00+00:00
sensor1,72.98007222037828,0.050108584794444425,2024-10-12 23:15:00+00:00
sensor2,71.84043217685806,0.09163111005800267,2024-10-12 04:15:00+00:00
sensor1,66.83925742554283,0.05182208425936341,2024-10-13 00:15:00+00:00
sensor2,69.25569497783061,0.09909657853529157,2024-10-12 05:15:00+00:00
sensor1,76.5172931692828,0.11406147263549209,2024-10-13 01:15:00+00:00
sensor3,71.39207290317881,0.0921082073851571,2024-10-12 19:15:00+00:00
sensor2,68.75345104137574,0.10244858408142862,2024-10-12 06:15:00+00:00
sensor1,75.09165291609033,0.053671242681738944,2024-10-13 02:15:00+00:00
sensor3,75.87999562098716,0.08128508983208094,2024-10-12 20:15:00+00:00
sensor1,65.47289038281785,0.05410189821133651,2024-10-13 03:15:00+00:00
sensor3,75.62307319250547,0.06851444648980032,2024-10-12 21:15:00+00:00
sensor1,65.8772853106606,0.07900186704296136,2024-10-13 04:15:00+00:00
sensor2,74.55624551737304,0.07751395686082352,2024-10-12 07:15:00+00:00
sensor3,71.94869268431887,0.11611924822183019,2024-10-12 22:15:00+00:00
sensor1,70.06341989882941,0.06738658554156356,2024-10-13 05:15:00+00:00
sensor2,72.81330443512788,0.09486053585533508,2024-10-12 08:15:00+00:00
sensor3,71.21068479930834,0.06730818991914783,2024-10-12 23:15:00+00:00
sensor3,77.70671329642805,0.12766518347146008,2024-10-13 00:15:00+00:00
sensor2,73.52783228325166,0.06842192769063238,2024-10-12 09:15:00+00:00
sensor1,67.76450996290805,0.07923805137635351,2024-10-13 06:15:00+00:00
sensor3,65.32929993694768,0.10434061046393595,2024-10-13 01:15:00+00:00
sensor3,67.13828126285786,0.0551895491395908,2024-10-13 02:15:00+00:00
sensor3,75.44490589999047,0.07256047943702941,2024-10-13 03:15:00+00:00
sensor1,69.67149552325249,0.05171936259192843,2024-10-13 07:15:00+00:00
sensor2,76.04995840523328,0.059851586961396426,2024-10-12 10:15:00+00:00
sensor3,71.15890433557384,0.12140530294437361,2024-10-13 04:15:00+00:00
sensor1,68.94537833914542,0.08174049631084235,2024-10-13 08:15:00+00:00
sensor1,70.43195257392463,0.11921989066395168,2024-10-13 09:15:00+00:00
sensor1,72.1215925008883,0.10653645533534502,2024-10-13 10:15:00+00:00
sensor2,77.33326820711413,0.08004643087238551,2024-10-12 11:15:00+00:00
sensor2,76.19918955457234,0.12559112792419813,2024-10-12 12:15:00+00:00
sensor2,72.17224387776645,0.0950955893015721,2024-10-12 13:15:00+00:00
sensor3,76.9041205526125,0.08966039052553085,2024-10-13 05:15:00+00:00
sensor3,74.77457023874373,0.12939928066183365,2024-10-13 06:15:00+00:00
sensor3,68.48336102102343,0.11173931645780759,2024-10-13 07:15:00+00:00
sensor2,67.96626673995435,0.07765572432847129,2024-10-12 14:15:00+00:00
sensor2,66.99032249990763,0.09764157633320543,2024-10-12 15:15:00+00:00
sensor1,76.22609754630783,0.08052054970927072,2024-10-13 11:15:00+00:00
sensor1,68.26072912100854,0.10288839852493059,2024-10-13 12:15:00+00:00
sensor2,71.34455982972486,0.06480117750784378,2024-10-12 16:15:00+00:00
sensor3,72.52595626291594,0.08905834118147718,2024-10-13 08:15:00+00:00
sensor2,70.0322544934451,0.07471021155800955,2024-10-12 17:15:00+00:00
sensor2,71.28473883386987,0.11961899940081351,2024-10-12 18:15:00+00:00
sensor3,66.02810588263857,0.11249628690380073,2024-10-13 09:15:00+00:00
sensor1,76.46714328630435,0.07573815863618298,2024-10-13 13:15:00+00:00
sensor3,71.50956883485557,0.060549149153080385,2024-10-13 10:15:00+00:00
sensor1,65.77043806356201,0.06385546569772847,2024-10-13 14:15:00+00:00
sensor1,69.11917254383015,0.09525662608508026,2024-10-13 15:15:00+00:00
sensor2,69.85279390276743,0.11806931317114785,2024-10-12 19:15:00+00:00
sensor2,68.42328188530871,0.11395936105130411,2024-10-12 20:15:00+00:00
sensor2,76.97323505369664,0.12900962994236792,2024-10-12 21:15:00+00:00
sensor3,71.90813689725019,0.11088885928821629,2024-10-13 11:15:00+00:00
sensor3,68.0952472587542,0.09156857081817202,2024-10-13 12:15:00+00:00
sensor1,76.95923571421677,0.12081578615843376,2024-10-13 16:15:00+00:00
sensor2,69.24970424641806,0.05014691861160828,2024-10-12 22:15:00+00:00
sensor1,68.91280397552597,0.06253631199604397,2024-10-13 17:15:00+00:00
sensor3,71.08521322853034,0.10411291084750274,2024-10-13 13:15:00+00:00
sensor1,77.71785629365633,0.12728625467754462,2024-10-13 18:15:00+00:00
sensor2,65.21150376724617,0.07936375612431651,2024-10-12 23:15:00+00:00
sensor2,69.09758523730486,0.08989037944908959,2024-10-13 00:15:00+00:00
sensor3,67.72938624142269,0.11656171355862442,2024-10-13 14:15:00+00:00
sensor1,69.0041514095401,0.09257575587708106,2024-10-13 19:15:00+00:00
sensor1,69.97759971290172,0.08232770369309003,2024-10-13 20:15:00+00:00
sensor3,75.10461479343597,0.06049100314138004,2024-10-13 15:15:00+00:00
sensor3,66.67765553894084,0.08216522203918683,2024-10-13 16:15:00+00:00
sensor3,66.27552411460337,0.06680313310501204,2024-10-13 17:15:00+00:00
sensor1,72.80900800802448,0.12117194935973961,2024-10-13 21:15:00+00:00
sensor2,74.1841334030464,0.051558932045413695,2024-10-13 01:15:00+00:00
sensor1,73.81401850452745,0.11578741716501631,2024-10-13 22:15:00+00:00
sensor1,67.48521662099502,0.08986385205932179,2024-10-13 23:15:00+00:00
sensor1,77.1657882583471,0.08493178931232587,2024-10-14 00:15:00+00:00
sensor2,71.38508020845889,0.10989959037763175,2024-10-13 02:15:00+00:00
sensor2,71.88906385814856,0.11095557489125485,2024-10-13 03:15:00+00:00
sensor1,69.17365533529767,0.10551907403198865,2024-10-14 01:15:00+00:00
sensor2,70.63014865080227,0.09239980261041139,2024-10-13 04:15:00+00:00
sensor1,72.85042587225783,0.05531102167127801,2024-10-14 02:15:00+00:00
sensor2,68.8874730206344,0.06476904833024626,2024-10-13 05:15:00+00:00
sensor3,65.59792426910964,0.07452211608931249,2024-10-13 18:15:00+00:00
sensor2,74.99932249863294,0.07038486780328965,2024-10-13 06:15:00+00:00
sensor1,69.68606698082304,0.07319671416920477,2024-10-14 03:15:00+00:00
sensor1,73.60121709543594,0.056793425519003335,2024-10-14 04:15:00+00:00
sensor3,66.15250747788386,0.0753620582633427,2024-10-13 19:15:00+00:00
sensor2,66.88877960768642,0.12226870819948191,2024-10-13 07:15:00+00:00
sensor2,65.11550849950432,0.06317996737316398,2024-10-13 08:15:00+00:00
sensor1,67.54591189966992,0.11307664251417297,2024-10-14 05:15:00+00:00
sensor3,71.19903768534964,0.08968998670196408,2024-10-13 20:15:00+00:00
sensor2,77.10596501297411,0.08341759718232993,2024-10-13 09:15:00+00:00
sensor3,68.57729895342197,0.0694779345141577,2024-10-13 21:15:00+00:00
sensor2,70.07372877958947,0.05625995305304853,2024-10-13 10:15:00+00:00
sensor1,70.43019630108088,0.07974236103241261,2024-10-14 06:15:00+00:00
sensor3,75.21861824188719,0.09494581812728037,2024-10-13 22:15:00+00:00
sensor2,76.09646740327649,0.1259910546816883,2024-10-13 11:15:00+00:00
sensor1,65.64614121296839,0.07243022594339044,2024-10-14 07:15:00+00:00
sensor3,76.40498762769359,0.1288960388939947,2024-10-13 23:15:00+00:00
sensor1,76.83005163534573,0.06663064238646345,2024-10-14 08:15:00+00:00
sensor2,76.05007430046874,0.11694018700530918,2024-10-13 12:15:00+00:00
sensor3,74.00200257653788,0.10135899387253117,2024-10-14 00:15:00+00:00
sensor2,71.54038685391602,0.06403589845777172,2024-10-13 13:15:00+00:00
sensor1,77.22583532828425,0.05451460787431863,2024-10-14 09:15:00+00:00
sensor2,74.19129987176713,0.0955535168917235,2024-10-13 14:15:00+00:00
sensor1,70.00143564839473,0.05864602668366384,2024-10-14 10:15:00+00:00
sensor2,73.26663276283097,0.05251151253781781,2024-10-13 15:15:00+00:00
sensor1,67.9480469944836,0.10916433207196677,2024-10-14 11:15:00+00:00
sensor1,73.33968111032966,0.085990824837969,2024-10-14 12:15:00+00:00
sensor2,70.49359560306421,0.11265424321453585,2024-10-13 16:15:00+00:00
sensor2,65.4992617303632,0.07165011891990197,2024-10-13 17:15:00+00:00
sensor2,73.85760038833588,0.1146541532027819,2024-10-13 18:15:00+00:00
sensor1,73.80295440514224,0.11860498897610264,2024-10-14 13:15:00+00:00
sensor1,70.13971336608914,0.1277467460280729,2024-10-14 14:15:00+00:00
sensor3,70.47774422703517,0.1197323214865294,2024-10-14 01:15:00+00:00
sensor3,71.90387547740713,0.10268161740579827,2024-10-14 02:15:00+00:00
sensor1,77.17313162995781,0.09916847368474756,2024-10-14 15:15:00+00:00
sensor1,66.39425676572546,0.1248278199838105,2024-10-14 16:15:00+00:00
sensor3,76.44499196239087,0.11568288839947104,2024-10-14 03:15:00+00:00
sensor2,68.7069017205862,0.06506428472438422,2024-10-13 19:15:00+00:00
sensor1,70.85777787458488,0.10481453911229349,2024-10-14 17:15:00+00:00
sensor2,68.77327967254413,0.11192310905721234,2024-10-13 20:15:00+00:00
sensor2,65.72436257161506,0.0936562643625721,2024-10-13 21:15:00+00:00
sensor3,73.70360397828864,0.05889705505203095,2024-10-14 04:15:00+00:00
sensor3,69.03858481861816,0.10780189022393283,2024-10-14 05:15:00+00:00
sensor3,68.94704931080294,0.11749700785882894,2024-10-14 06:15:00+00:00
sensor1,75.69365536570578,0.09371618486966943,2024-10-14 18:15:00+00:00
sensor1,68.79728461581844,0.05836338304470226,2024-10-14 19:15:00+00:00
sensor3,74.16413715758767,0.06792147566415849,2024-10-14 07:15:00+00:00
sensor2,67.22712022342584,0.07618550678444186,2024-10-13 22:15:00+00:00
sensor1,68.9030111922094,0.08371943330259402,2024-10-14 20:15:00+00:00
sensor2,73.77170374664198,0.0588059250988719,2024-10-13 23:15:00+00:00
sensor2,70.53693447790482,0.08039669572433326,2024-10-14 00:15:00+00:00
sensor1,71.64041355190906,0.08399433867800744,2024-10-14 21:15:00+00:00
sensor2,74.61320287448973,0.07816909157557225,2024-10-14 01:15:00+00:00
sensor2,75.17415356014506,0.06983307529135774,2024-10-14 02:15:00+00:00
sensor1,68.95193400378133,0.06651293863169758,2024-10-14 22:15:00+00:00
sensor1,68.33091302093092,0.10076504662095596,2024-10-14 23:15:00+00:00
sensor2,70.09313045832572,0.11703514371426872,2024-10-14 03:15:00+00:00
sensor3,70.07179018038204,0.11723039242909011,2024-10-14 08:15:00+00:00
sensor1,66.04501039111632,0.08326166549981218,2024-10-15 00:15:00+00:00
sensor2,66.42562377639132,0.10573677290267719,2024-10-14 04:15:00+00:00
sensor1,69.22206294040268,0.11355570799207039,2024-10-15 01:15:00+00:00
sensor3,67.50428258450737,0.12376871351919985,2024-10-14 09:15:00+00:00
sensor1,67.19242068996704,0.08624332335355184,2024-10-15 02:15:00+00:00
sensor2,69.84082277175237,0.05171612624316714,2024-10-14 05:15:00+00:00
sensor2,69.2678821725444,0.0713398569050962,2024-10-14 06:15:00+00:00
sensor3,72.35539292209492,0.10267889839156011,2024-10-14 10:15:00+00:00
sensor1,65.35583439915405,0.08053776486113794,2024-10-15 03:15:00+00:00
sensor2,73.6012022205789,0.0640689502168218,2024-10-14 07:15:00+00:00
sensor3,66.17257364924328,0.06034235587177897,2024-10-14 11:15:00+00:00
sensor3,76.42253905348203,0.07408637028841714,2024-10-14 12:15:00+00:00
sensor1,69.35674056593335,0.06727279181703293,2024-10-15 04:15:00+00:00
sensor2,65.46515030680177,0.09569689095653347,2024-10-14 08:15:00+00:00
sensor2,71.77858738577036,0.11576164323472855,2024-10-14 09:15:00+00:00
sensor1,69.21325123510604,0.07034167621893161,2024-10-15 05:15:00+00:00
sensor2,67.87148108359904,0.0827422058558182,2024-10-14 10:15:00+00:00
sensor2,72.48050240564893,0.06430315077105817,2024-10-14 11:15:00+00:00
sensor1,71.71755612609866,0.11659121860003649,2024-10-15 06:15:00+00:00
sensor3,68.65360289877559,0.06221968431792897,2024-10-14 13:15:00+00:00
sensor3,70.74660134172773,0.0816855536426695,2024-10-14 14:15:00+00:00
sensor1,74.22088720416279,0.05330036777299209,2024-10-15 07:15:00+00:00
sensor3,70.65862566016483,0.07823417324108223,2024-10-14 15:15:00+00:00
sensor1,75.74807249222931,0.09948507305998232,2024-10-15 08:15:00+00:00
sensor3,66.38243603528586,0.103014393349773,2024-10-14 16:15:00+00:00
sensor1,66.5386190459309,0.10183066892557743,2024-10-15 09:15:00+00:00
sensor3,76.55025520825988,0.09971622424341126,2024-10-14 17:15:00+00:00
sensor3,66.97230055481687,0.062105435353639854,2024-10-14 18:15:00+00:00
sensor1,66.82032434496209,0.05109597204988001,2024-10-15 10:15:00+00:00
sensor3,65.84935224542103,0.05408180235308854,2024-10-14 19:15:00+00:00
sensor3,65.82550596274918,0.10406198510678968,2024-10-14 20:15:00+00:00
sensor1,74.5102575780937,0.07479685243496978,2024-10-15 11:15:00+00:00
sensor2,65.83722441431226,0.06877847126286296,2024-10-14 12:15:00+00:00
sensor1,77.876817536459,0.09835020900766281,2024-10-15 12:15:00+00:00
sensor3,74.13752489441839,0.08434870501181745,2024-10-14 21:15:00+00:00
sensor3,73.58256318195362,0.06141859105631636,2024-10-14 22:15:00+00:00
sensor1,65.17870473451893,0.11155450993470467,2024-10-15 13:15:00+00:00
sensor3,72.6086260794854,0.07644342819720051,2024-10-14 23:15:00+00:00
sensor3,76.15402334171976,0.125326914493511,2024-10-15 00:15:00+00:00
sensor1,72.07001466953098,0.11947663291223666,2024-10-15 14:15:00+00:00
sensor3,68.7356805935821,0.06350713113496652,2024-10-15 01:15:00+00:00
sensor1,73.82041096258763,0.06192278872891331,2024-10-15 15:15:00+00:00
sensor2,75.07906734844725,0.11230014742298722,2024-10-14 13:15:00+00:00
sensor2,67.26935435937615,0.12716664349089205,2024-10-14 14:15:00+00:00
sensor1,75.20621710695829,0.053852341086717326,2024-10-15 16:15:00+00:00
sensor2,65.2858637441005,0.0651348772671239,2024-10-14 15:15:00+00:00
sensor2,71.6093221537211,0.10389127159025519,2024-10-14 16:15:00+00:00
sensor3,73.87518831887503,0.09719087963084225,2024-10-15 02:15:00+00:00
sensor3,67.21184949303357,0.12172930078135946,2024-10-15 03:15:00+00:00
sensor2,72.14308660748351,0.07410552529276794,2024-10-14 17:15:00+00:00
sensor3,76.65479117390912,0.11274656232928175,2024-10-15 04:15:00+00:00
sensor3,72.71660190503927,0.07955606615833026,2024-10-15 05:15:00+00:00
sensor2,72.93197502367998,0.11048419085741117,2024-10-14 18:15:00+00:00
sensor3,71.26404287546896,0.05596452862558319,2024-10-15 06:15:00+00:00
sensor1,65.452870893194,0.1292947136929226,2024-10-15 17:15:00+00:00
sensor3,70.41195221920343,0.12213939558219729,2024-10-15 07:15:00+00:00
sensor1,67.3224843874562,0.1007189884592393,2024-10-15 18:15:00+00:00
sensor1,71.21816581935691,0.06755756953839356,2024-10-15 19:15:00+00:00
sensor3,77.3548734291173,0.11928120430991383,2024-10-15 08:15:00+00:00
sensor1,66.46753326677484,0.05537264418526894,2024-10-15 20:15:00+00:00
sensor3,71.6663939601491,0.11422836556182477,2024-10-15 09:15:00+00:00
sensor1,71.10595088164244,0.10904518723201181,2024-10-15 21:15:00+00:00
sensor3,77.92134415787892,0.08075645937696983,2024-10-15 10:15:00+00:00
sensor1,72.23435956879865,0.11140334355547679,2024-10-15 22:15:00+00:00
sensor2,67.18025559598236,0.12744977383240513,2024-10-14 19:15:00+00:00
sensor3,65.09744868942585,0.1254844896604717,2024-10-15 11:15:00+00:00
sensor2,71.4273749892567,0.08028886954638244,2024-10-14 20:15:00+00:00
sensor3,74.95801007966806,0.057264741467648594,2024-10-15 12:15:00+00:00
sensor3,65.76404349907149,0.05817356883168497,2024-10-15 13:15:00+00:00
sensor2,65.94999670174563,0.06504789245759635,2024-10-14 21:15:00+00:00
sensor2,71.4927869407315,0.05663002904271339,2024-10-14 22:15:00+00:00
sensor1,77.5610672645554,0.11703063889736977,2024-10-15 23:15:00+00:00
sensor2,77.63243476770748,0.06962648042939551,2024-10-14 23:15:00+00:00
sensor2,75.92799058671285,0.078868999465524,2024-10-15 00:15:00+00:00
sensor3,72.79385332956242,0.06257319788596084,2024-10-15 14:15:00+00:00
sensor3,68.73305754489975,0.0669767352341343,2024-10-15 15:15:00+00:00
sensor3,65.74576020382912,0.0523259669483462,2024-10-15 16:15:00+00:00
sensor3,67.49478753427711,0.12122461476119123,2024-10-15 17:15:00+00:00
sensor3,66.83846202087963,0.07838463030901814,2024-10-15 18:15:00+00:00
sensor3,65.23558855751658,0.056120193782644635,2024-10-15 19:15:00+00:00
sensor1,75.2574693710566,0.09804834695146614,2024-10-16 00:15:00+00:00
sensor1,71.76690660719245,0.11773824728461178,2024-10-16 01:15:00+00:00
sensor1,76.53065600864659,0.06532899297856241,2024-10-16 02:15:00+00:00
sensor1,75.44848004304671,0.12716625414967225,2024-10-16 03:15:00+00:00
sensor3,68.47895768232377,0.05683755566774151,2024-10-15 20:15:00+00:00
sensor3,77.21426100427463,0.12438244091691818,2024-10-15 21:15:00+00:00
sensor1,67.5903210660732,0.0759648905859335,2024-10-16 04:15:00+00:00
sensor2,73.45343169399169,0.08402269139117624,2024-10-15 01:15:00+00:00
sensor1,76.1620677809373,0.06271788849815205,2024-10-16 05:15:00+00:00
sensor3,77.7545010199232,0.10771217875537045,2024-10-15 22:15:00+00:00
sensor3,70.1547216596155,0.11621396888998037,2024-10-15 23:15:00+00:00
sensor3,66.80378366923468,0.11787020800287568,2024-10-16 00:15:00+00:00
sensor3,71.11323128824756,0.05325004245669897,2024-10-16 01:15:00+00:00
sensor3,65.08222403887187,0.08769180491245669,2024-10-16 02:15:00+00:00
sensor1,65.80668442453914,0.05055159664410929,2024-10-16 06:15:00+00:00
sensor3,75.46282693777376,0.07068580942584725,2024-10-16 03:15:00+00:00
sensor3,77.22137932467746,0.11476770510290057,2024-10-16 04:15:00+00:00
sensor1,67.46479170455073,0.11689547840316408,2024-10-16 07:15:00+00:00
sensor1,72.23247423843758,0.09223273977845477,2024-10-16 08:15:00+00:00
sensor3,76.31237882896127,0.07407952611024063,2024-10-16 05:15:00+00:00
sensor1,76.29293847929631,0.05040613137667344,2024-10-16 09:15:00+00:00
sensor1,73.46333406285521,0.07829334467548166,2024-10-16 10:15:00+00:00
sensor3,75.55809200777891,0.08542561445094526,2024-10-16 06:15:00+00:00
sensor2,74.94465635943607,0.09541314174970161,2024-10-15 02:15:00+00:00
sensor3,66.50551009863698,0.10101700017992782,2024-10-16 07:15:00+00:00
sensor2,77.73522210217953,0.05422908770011525,2024-10-15 03:15:00+00:00
sensor1,74.14349868196422,0.07572879467518935,2024-10-16 11:15:00+00:00
sensor3,75.78290001500486,0.08373766448577899,2024-10-16 08:15:00+00:00
sensor2,72.0636193047419,0.0952794699822143,2024-10-15 04:15:00+00:00
sensor3,65.15347871142654,0.11428945860731074,2024-10-16 09:15:00+00:00
sensor3,76.73254210312301,0.12463862684649017,2024-10-16 10:15:00+00:00
sensor3,75.7344501923238,0.09199386525467307,2024-10-16 11:15:00+00:00
sensor1,75.84728092601566,0.08557067292669758,2024-10-16 12:15:00+00:00
sensor3,77.2920598628919,0.11962165207413282,2024-10-16 12:15:00+00:00
sensor3,70.66219900782535,0.08405466967515336,2024-10-16 13:15:00+00:00
sensor2,72.33014623273475,0.07798662511104776,2024-10-15 05:15:00+00:00
sensor3,67.18735465051907,0.09010415990941295,2024-10-16 14:15:00+00:00
sensor2,74.35636103767604,0.05744803556168414,2024-10-15 06:15:00+00:00
sensor1,67.76701699327504,0.0841580276761953,2024-10-16 13:15:00+00:00
sensor1,68.90263656436609,0.061732328356892095,2024-10-16 14:15:00+00:00
sensor1,69.86843108359622,0.08064445827423324,2024-10-16 15:15:00+00:00
sensor1,68.53649397356031,0.10940423190815582,2024-10-16 16:15:00+00:00
sensor3,73.82804478180002,0.0798568135446676,2024-10-16 15:15:00+00:00
sensor3,74.30350683130602,0.05543884041436134,2024-10-16 16:15:00+00:00
sensor2,66.88085818129034,0.07388313772886308,2024-10-15 07:15:00+00:00
sensor1,72.91246837520555,0.11648736506280659,2024-10-16 17:15:00+00:00
sensor3,65.14931267058296,0.08374776955231578,2024-10-16 17:15:00+00:00
sensor1,75.85564834417546,0.08332513139349013,2024-10-16 18:15:00+00:00
sensor2,67.01685831904587,0.07222161323057684,2024-10-15 08:15:00+00:00
sensor1,73.00413119147886,0.0912227679652399,2024-10-16 19:15:00+00:00
sensor3,67.80411649745116,0.0565814453004429,2024-10-16 18:15:00+00:00
sensor3,72.53393690285932,0.06350510741568527,2024-10-16 19:15:00+00:00
sensor2,73.76566242109635,0.05010634426751262,2024-10-15 09:15:00+00:00
sensor2,77.44316951580346,0.05528318091011787,2024-10-15 10:15:00+00:00
sensor2,68.47253126451929,0.09660641651968052,2024-10-15 11:15:00+00:00
sensor1,75.45930662104112,0.11193181532566918,2024-10-16 20:15:00+00:00
sensor1,71.95722213070289,0.10829928440363407,2024-10-16 21:15:00+00:00
sensor2,69.3466924016354,0.09049178983811404,2024-10-15 12:15:00+00:00
sensor3,72.9379209390956,0.07638176378664242,2024-10-16 20:15:00+00:00
sensor1,76.90622296782895,0.11844266202619812,2024-10-16 22:15:00+00:00
sensor2,77.59658275520951,0.07962327765345888,2024-10-15 13:15:00+00:00
sensor1,65.78537553751217,0.05905205389306552,2024-10-16 23:15:00+00:00
sensor3,75.55308891921297,0.059668587550292494,2024-10-16 21:15:00+00:00
sensor3,73.25766743027701,0.08552366822476946,2024-10-16 22:15:00+00:00
sensor2,71.38000076740526,0.12764872282251166,2024-10-15 14:15:00+00:00
sensor2,73.31310077415326,0.09541804458181657,2024-10-15 15:15:00+00:00
sensor3,76.36733337839526,0.11275471459587919,2024-10-16 23:15:00+00:00
sensor3,75.81369148895524,0.12505140536035433,2024-10-17 00:15:00+00:00
sensor1,74.53043309625835,0.11840336722338736,2024-10-17 00:15:00+00:00
sensor3,75.2354373425075,0.08881863011637228,2024-10-17 01:15:00+00:00
sensor2,76.54228085995656,0.08544908479901826,2024-10-15 16:15:00+00:00
sensor1,75.84566599204454,0.0737093246438326,2024-10-17 01:15:00+00:00
sensor2,68.23832854664579,0.11942803062801999,2024-10-15 17:15:00+00:00
sensor1,74.09336868718,0.1197684403082001,2024-10-17 02:15:00+00:00
sensor3,73.0645281930574,0.1027085134534039,2024-10-17 02:15:00+00:00
sensor3,66.76139947453066,0.07670129821131867,2024-10-17 03:15:00+00:00
sensor2,77.72361548073363,0.06096202424261663,2024-10-15 18:15:00+00:00
sensor1,68.68141441747599,0.09772215776116265,2024-10-17 03:15:00+00:00
sensor2,65.33251548557342,0.05778564798908842,2024-10-15 19:15:00+00:00
sensor2,67.03647367690705,0.10625166514255914,2024-10-15 20:15:00+00:00
sensor3,75.05645116305628,0.1088158740531042,2024-10-17 04:15:00+00:00
sensor3,70.3008830719958,0.10664017224171177,2024-10-17 05:15:00+00:00
sensor3,68.73345760407528,0.10781364444344796,2024-10-17 06:15:00+00:00
sensor1,75.01570277513683,0.12110962886322017,2024-10-17 04:15:00+00:00
sensor1,71.00492619814106,0.054123068319119984,2024-10-17 05:15:00+00:00
sensor3,68.59799927761607,0.08572091339782274,2024-10-17 07:15:00+00:00
sensor3,65.47430172693856,0.0759289843598087,2024-10-17 08:15:00+00:00
sensor2,76.67034740770936,0.06810519299825726,2024-10-15 21:15:00+00:00
sensor2,74.91624971149695,0.10312865592514346,2024-10-15 22:15:00+00:00
sensor2,71.35619973076386,0.06305799338793931,2024-10-15 23:15:00+00:00
sensor2,71.12010928543604,0.11662416498227628,2024-10-16 00:15:00+00:00
sensor1,74.87169724439582,0.10179637189950554,2024-10-17 06:15:00+00:00
sensor3,70.21710931400281,0.12398635828206525,2024-10-17 09:15:00+00:00
sensor2,71.13821495416916,0.09075460562494445,2024-10-16 01:15:00+00:00
sensor2,75.45228529796394,0.08612495442827602,2024-10-16 02:15:00+00:00
sensor1,73.96044303969401,0.1291450804824785,2024-10-17 07:15:00+00:00
sensor1,65.02572319822387,0.12125549025136695,2024-10-17 08:15:00+00:00
sensor2,71.72845524872717,0.06991695194866406,2024-10-16 03:15:00+00:00
sensor2,65.00289470169622,0.08101156770620609,2024-10-16 04:15:00+00:00
sensor1,70.88336461113572,0.12970577682860612,2024-10-17 09:15:00+00:00
sensor1,67.81674327022677,0.05283673623900474,2024-10-17 10:15:00+00:00
sensor1,68.4061269253061,0.07932199132850648,2024-10-17 11:15:00+00:00
sensor2,74.89151870035123,0.12795228714740428,2024-10-16 05:15:00+00:00
sensor3,71.46455401186955,0.11422333027472693,2024-10-17 10:15:00+00:00
sensor1,76.9743867949508,0.07888606856699676,2024-10-17 12:15:00+00:00
sensor1,65.31905520486325,0.09753115890849708,2024-10-17 13:15:00+00:00
sensor1,68.77095916424683,0.061292945324351755,2024-10-17 14:15:00+00:00
sensor2,75.97365319173906,0.060691517815288934,2024-10-16 06:15:00+00:00
sensor1,71.44138877434125,0.07199958791724496,2024-10-17 15:15:00+00:00
sensor1,73.65319479240809,0.11169024682988835,2024-10-17 16:15:00+00:00
sensor2,75.229039148119,0.09019383104016328,2024-10-16 07:15:00+00:00
sensor1,68.11661742786531,0.06182191040545054,2024-10-17 17:15:00+00:00
sensor2,66.21298374568677,0.06578607792166823,2024-10-16 08:15:00+00:00
sensor2,77.19492554715795,0.08122024284211038,2024-10-16 09:15:00+00:00
sensor1,72.9744957030071,0.11258567580287111,2024-10-17 18:15:00+00:00
sensor2,76.49769039044767,0.12722293919574007,2024-10-16 10:15:00+00:00
sensor2,76.70409215549364,0.11468019779403014,2024-10-16 11:15:00+00:00
sensor2,72.30092618394691,0.07415054505817985,2024-10-16 12:15:00+00:00
